<?xml version="1.0" encoding="UTF-8"?>
<palette>
	<color><r>255</r><g>255</g><b>255</b><name>01 White</name></color>
	<color><r>255</r><g>239</g><b>189</b><name>02 Cream</name></color>
	<color><r>255</r><g>197</g><b>0</b><name>03 Yellow</name></color>
	<color><r>228</r><g>82</g><b>20</b><name>04 Orange</name></color>
	<color><r>194</r><g>43</g><b>42</b><name>05 Red</name></color>
	<color><r>255</r><g>142</g><b>164</b><name>06 Pink</name></color>
	<color><r>105</r><g>61</g><b>159</b><name>07 Purple</name></color>
	<color><r>0</r><g>69</g><b>132</b><name>08 Blue</name></color>
	<color><r>0</r><g>126</g><b>190</b><name>09 Light Blue</name></color>
	<color><r>15</r><g>138</g><b>73</b><name>10 Green</name></color>
	<color><r>92</r><g>207</g><b>151</b><name>11 Light green</name></color>
	<color><r>64</r><g>36</g><b>32</b><name>12 Brown</name></color>
	<color><r>224</r><g>70</g><b>76</b><name>13 Translucent red</name></color>
	<color><r>228</r><g>192</g><b>0</b><name>14 Translucent yellow</name></color>
	<color><r>0</r><g>141</g><b>201</b><name>15 Translucent blue</name></color>
	<color><r>135</r><g>221</g><b>173</b><name>16 Translucent green</name></color>
	<color><r>142</r><g>147</g><b>151</b><name>17 Grey</name></color>
	<color><r>0</r><g>0</g><b>0</b><name>18 Black</name></color>
	<color><r>229</r><g>235</g><b>244</b><name>19 Clear</name></color>
	<color><r>139</r><g>57</g><b>30</b><name>20 Reddish brown</name></color>
	<color><r>192</r><g>100</g><b>46</b><name>21 Light brown</name></color>
	<color><r>179</r><g>27</g><b>41</b><name>22 Dark red</name></color>
	<color><r>118</r><g>120</g><b>121</b><name>23 Translucent black</name></color>
	<color><r>141</r><g>109</g><b>180</b><name>24 Translucent purple</name></color>
	<color><r>157</r><g>113</g><b>78</b><name>25 Translucent brown</name></color>
	<color><r>237</r><g>182</g><b>159</b><name>26 Flesh</name></color>
	<color><r>239</r><g>190</g><b>146</b><name>27 Beige</name></color>
	<color><r>24</r><g>44</g><b>29</b><name>28 Dark green</name></color>
	<color><r>202</r><g>17</g><b>70</b><name>29 Claret</name></color>
	<color><r>90</r><g>11</g><b>21</b><name>30 Burgundy</name></color>
	<color><r>103</r><g>169</g><b>191</b><name>31 Turqoise</name></color>
	<color><r>255</r><g>0</g><b>144</b><name>32 Neon fuchsia</name></color>
	<color><r>255</r><g>66</g><b>0</b><name>33 Fluorescent cerise</name></color>
	<color><r>246</r><g>255</g><b>0</b><name>34 Neon yellow</name></color>
	<color><r>255</r><g>20</g><b>0</b><name>35 Neon red</name></color>
	<color><r>0</r><g>22</g><b>238</b><name>36 Neon blue</name></color>
	<color><r>121</r><g>230</g><b>51</b><name>37 Neon green</name></color>
	<color><r>255</r><g>141</g><b>49</b><name>38 Neon orange</name></color>
	<color><r>242</r><g>244</g><b>95</b><name>39 Fluorescent yellow</name></color>
	<color><r>255</r><g>98</g><b>36</b><name>40 Fluorescent orange</name></color>
	<color><r>0</r><g>93</g><b>163</b><name>41 Fluorescent blue</name></color>
	<color><r>87</r><g>190</g><b>0</b><name>42 Fluorescent green</name></color>
	<color><r>255</r><g>253</g><b>112</b><name>43 Pastel yellow</name></color>
	<color><r>255</r><g>118</g><b>117</b><name>44 Pastel red</name></color>
	<color><r>168</r><g>134</g><b>195</b><name>45 Pastel purple</name></color>
	<color><r>139</r><g>199</g><b>235</b><name>46 Pastel blue</name></color>
	<color><r>188</r><g>242</g><b>94</b><name>47 Pastel green</name></color>
	<color><r>233</r><g>145</g><b>201</b><name>48 Pastel pink</name></color>
	<color><r>90</r><g>189</g><b>206</b><name>49 Azure</name></color>
	<color><r>230</r><g>240</g><b>214</b><name>55 Glow in the dark - green</name></color>
	<color><r>243</r><g>218</g><b>214</b><name>56 Glow in the dark - red</name></color>
	<color><r>212</r><g>215</g><b>217</b><name>57 Glow in the dark - blue</name></color>
	<color><r>241</r><g>161</g><b>37</b><name>60 Teddybear brown</name></color>
	<color><r>234</r><g>183</g><b>50</b><name>61 Gold</name></color>
	<color><r>161</r><g>158</g><b>158</b><name>62 Silver</name></color>
	<color><r>143</r><g>114</g><b>36</b><name>63 Bronze</name></color>
	<color><r>231</r><g>222</g><b>218</b><name>64 Pearl</name></color>
</palette>
