<SUF7ThemeData>
<Name>Airplane</Name>
<IsDefault>0</IsDefault>
<StyleData>
<CstClrs>0</CstClrs>
<TBBG format="hex">ffffff</TBBG>
<BDYBG format="hex">ffffff</BDYBG>
<FTBG format="hex">ffffff</FTBG>
<TBTXT format="hex">000000</TBTXT>
<BDYTXT format="hex">ffffff</BDYTXT>
<CBG format="hex">ffffff</CBG>
<C3DFACE format="hex">038df6</C3DFACE>
<C3DHLT format="hex">038df6</C3DHLT>
<C3DLIT format="hex">038df6</C3DLIT>
<C3DSH format="hex">038df6</C3DSH>
<CBTNTXT format="hex">ffffff</CBTNTXT>
<CTEXT format="hex">000000</CTEXT>
<CDISTXT format="hex">c0c0c0</CDISTXT>
<CPRGRS format="hex">316ac5</CPRGRS>
<C3DSHDK format="hex">038df6</C3DSHDK>
<TBIMG>03_top.jpg</TBIMG>
<SBIMG>03_side.jpg</SBIMG>
<BDIMG>03_body.jpg</BDIMG>
<BDFILL>1</BDFILL>
<HDSEP>0</HDSEP>
<FTSEP>0</FTSEP>
<CstFnts>1</CstFnts>
<Fonts>
<FontData>
<FontName>Arial</FontName>
<CharacterSet>0</CharacterSet>
<Height>-13</Height>
<Weight>700</Weight>
<Italic>1</Italic>
<Underline>0</Underline>
<StrikeOut>0</StrikeOut>
<AntiAlias>1</AntiAlias>
</FontData>
<FontData>
<FontName>Arial</FontName>
<CharacterSet>0</CharacterSet>
<Height>-11</Height>
<Weight>400</Weight>
<Italic>0</Italic>
<Underline>0</Underline>
<StrikeOut>0</StrikeOut>
<AntiAlias>1</AntiAlias>
</FontData>
<FontData>
<FontName>Arial</FontName>
<CharacterSet>0</CharacterSet>
<Height>-27</Height>
<Weight>700</Weight>
<Italic>0</Italic>
<Underline>0</Underline>
<StrikeOut>0</StrikeOut>
<AntiAlias>1</AntiAlias>
</FontData>
<FontData>
<FontName>Arial</FontName>
<CharacterSet>0</CharacterSet>
<Height>-12</Height>
<Weight>400</Weight>
<Italic>0</Italic>
<Underline>0</Underline>
<StrikeOut>0</StrikeOut>
<AntiAlias>1</AntiAlias>
</FontData>
<FontData>
<FontName>Arial</FontName>
<CharacterSet>0</CharacterSet>
<Height>-13</Height>
<Weight>400</Weight>
<Italic>0</Italic>
<Underline>0</Underline>
<StrikeOut>0</StrikeOut>
<AntiAlias>1</AntiAlias>
</FontData>
</Fonts>
<CAOff>
<TP>0</TP>
<L>22</L>
<T>25</T>
<R>15</R>
<B>20</B>
</CAOff>
<CAOff>
<TP>1</TP>
<L>5</L>
<T>90</T>
<R>10</R>
<B>3</B>
</CAOff>
<CAOff>
<TP>2</TP>
<L>15</L>
<T>115</T>
<R>10</R>
<B>2</B>
</CAOff>
<TBTXTX>14</TBTXTX>
<TBTXTY>10</TBTXTY>
</StyleData>
</SUF7ThemeData>
